<?xml version="1.0" encoding="ISO-8859-1" ?>

<!DOCTYPE struts-config PUBLIC
          "-//Apache Software Foundation//DTD Struts Configuration 1.1//EN"
          "http://jakarta.apache.org/struts/dtds/struts-config_1_1.dtd">

<struts-config>

  <form-beans>
    <form-bean name="cheeseForm"
               type="org.picocontainer.web.sample.struts.CheeseForm">
    </form-bean>
  </form-beans>

  <action-mappings>
    <action path="/cheese"
            type="org.picocontainer.web.sample.struts.CheeseAction"
            name="cheeseForm"
            scope="request">
      <forward name="next" path="/cheese.jsp"/>
    </action>
  </action-mappings>

  <controller processorClass="org.picocontainer.web.struts.PicoRequestProcessor"/>

</struts-config>
