<?xml version="1.0" encoding="UTF-8"?>

<!DOCTYPE faces-config PUBLIC
    "-//Sun Microsystems, Inc.//DTD JavaServer Faces Config 1.1//EN"
    "http://java.sun.com/dtd/web-facesconfig_1_1.dtd">
<faces-config>
	<application>
		<variable-resolver>
            org.picocontainer.web.jsf.PicoVariableResolver
		</variable-resolver>
	</application>
	<managed-bean>
		<description>CDI Injected Bean</description>
		<managed-bean-name>cheeseBean</managed-bean-name>
		<managed-bean-class>
			org.picocontainer.web.samples.jsf.CheeseController
		</managed-bean-class>
		<managed-bean-scope>request</managed-bean-scope>
	</managed-bean>
	<managed-bean>
		<description>Adds Cheeses</description>
		<managed-bean-name>addCheeseBean</managed-bean-name>
		<managed-bean-class>
			org.picocontainer.web.samples.jsf.AddCheeseController
		</managed-bean-class>
		<managed-bean-scope>request</managed-bean-scope>
	</managed-bean>
	<navigation-rule>
		<display-name>cheese</display-name>
		<from-view-id>/cheese.jsp</from-view-id>
		<navigation-case>
			<to-view-id>/cheese.jsp</to-view-id>
			<redirect />
		</navigation-case>
	</navigation-rule>
</faces-config>
