<!DOCTYPE xwork
    PUBLIC "-//OpenSymphony Group//XWork 1.0//EN"
    "http://www.opensymphony.com/xwork/xwork-1.0.dtd">

<xwork>

    <include file="webwork-default.xml"/>

    <package name="default" extends="webwork-default">

        <default-interceptor-ref name="defaultStack"/>

        <action name="cheeses" class="org.picocontainer.web.sample.webwork2.CheeseInventory">
            <result name="success">cheeses.jsp</result>
        </action>

        <action name="addcheese" class="org.picocontainer.web.sample.webwork2.AddCheese">
            <result name="input">cheeses.jsp</result>
            <result name="success" type="redirect">cheeses.action</result>
        </action>

        <action name="removecheese" class="org.picocontainer.web.sample.webwork2.RemoveCheese">
            <result name="input">cheeses.jsp</result>
            <result name="success" type="redirect">cheeses.action</result>
        </action>
        
        <!--
        <action name="cheese" class="org.picocontainer.web.sample.webwork2.CheeseAction">
	        <result name="input" type="dispatcher">
		        <param name="location">/index.jsp</param>
	        </result>
            <result name="success" type="dispatcher">
                <param name="location">/index.jsp</param>
            </result>
	        <interceptor-ref name="defaultStack"/>
            <interceptor-ref name="validation"/>
        </action>
        -->

    </package>

</xwork>
